asin,product_name,where_it_appears,proposed_replacement_asin,action,note
B003K8JDPM,Optigard 4x30g Syngenta,amazon_products (no repo file),,sql-set-inactive,"amazon.co.uk HTTP 404, page not found. Already is_active=false on 2026-10-07. Not rendered."
B00GHHPWEE,MGK Vendetta Plus,amazon_products (no repo file),,sql-set-inactive,"amazon.co.uk HTTP 404, page not found. Already is_active=false on 2026-10-07. Not rendered."
B0130R83TO,Ambush Pro 7 Pack Moth Traps,amazon_products (no repo file),,sql-set-inactive,"amazon.co.uk HTTP 404, page not found. Already is_active=false on 2026-10-07. Not rendered."
B015Y1AKOY,Utopia Bedding Double Premium,amazon_products (no repo file),,sql-set-inactive,"amazon.co.uk HTTP 404, page not found. Already is_active=false on 2026-10-07. Not rendered."
B079J75SVM,Jalex Retail ARC 20W/30W,amazon_products (no repo file),,sql-set-inactive,"amazon.co.uk HTTP 404, page not found. Already is_active=false on 2026-10-07. Not rendered."
B0D8P37SGX,Commercial Glue Board 8-Pack,amazon_products (no repo file),,sql-set-inactive,"amazon.co.uk HTTP 404, page not found. Already is_active=false on 2026-10-07. Not rendered."
B0DJMRKJ35,REPELEM Treatment Kit 1L,amazon_products (no repo file),,sql-set-inactive,"amazon.co.uk HTTP 404, page not found. Already is_active=false on 2026-10-07. Not rendered."
B0DZ1TNMBL,Commercial 156L Industrial,amazon_products (no repo file),,sql-set-inactive,"amazon.co.uk HTTP 404, page not found. Already is_active=false on 2026-10-07. Not rendered."
B0F1D9ZBPC,Indorex 3 Pack 500ml,amazon_products (no repo file),,sql-set-inactive,"amazon.co.uk HTTP 404, page not found. Already is_active=false on 2026-10-07. Not rendered."
B0FWQJ92LZ,3 PCS Large Heavy Duty,amazon_products (no repo file),,sql-set-inactive,"amazon.co.uk HTTP 404, page not found. Already is_active=false on 2026-10-07. Not rendered."
B0FX4M2Q8Y,Sticky Traps 5-Pack Large,amazon_products (no repo file),,sql-set-inactive,"amazon.co.uk HTTP 404, page not found. Already is_active=false on 2026-10-07. Not rendered."
B0009PURDU,Unrendered gopher-trap audit entry,"app/us/best-gopher-traps/page.tsx (REJECTED_PRODUCTS, never rendered)",,removed-from-audit-list,HTTP 404 Page Not Found on amazon.com and amazon.co.uk. No card to replace.
B000BX4RWK,Unrendered gopher-trap audit entry,"app/us/best-gopher-traps/page.tsx (REJECTED_PRODUCTS, never rendered)",,removed-from-audit-list,HTTP 404 Page Not Found on amazon.com and amazon.co.uk. No card to replace.
B004H8AGWY,Unrendered gopher-trap audit entry,"app/us/best-gopher-traps/page.tsx (REJECTED_PRODUCTS, never rendered)",,removed-from-audit-list,HTTP 404 Page Not Found on amazon.com and amazon.co.uk. No card to replace.
B0F8WBHWTB,Unrendered gopher-trap audit entry,"app/us/best-gopher-traps/page.tsx (REJECTED_PRODUCTS, never rendered)",,removed-from-audit-list,HTTP 404 Page Not Found on amazon.com and amazon.co.uk. No card to replace.
B0019BIED4,"Hot Shot Wasp & Hornet Killer Aerosol Spray 14 Oz, Kills on Contact | Kills Wasps, Hornets, Yellowjackets & More on Contact, Up to 27 Foot Jet Spray, For Outdoor Use, N",app/us/lib/topPicksData.ts; app/us/social-wasps/page.tsx,,left,amazon.co.uk page not found. amazon.com page exists and says currently unavailable. Left alone.
B001ACMBJK,"Combat Max Roach Killing Bait, Large Roaches, Kills the Nest, 8 Count | Targets large roaches at the source, eliminates nests, child-resistant design, unscented, kills",app/us/lib/topPicksData.ts; app/us/palmetto-bugs/page.tsx,,left,"amazon.co.uk page not found. amazon.com product page exists. US-only listing, not replaced."
B001ANQVYU,"Sawyer Products SP657 Premium Permethrin Insect Repellent for Clothing, Gear & Tents, Trigger Spray, 24-Ounce : Sawyer: Sports & Outdoors",app/us/chiggers/page.tsx; app/us/lib/topPicksData.ts; app/us/no-see-ums/page.tsx; app/us/ticks/page.tsx,,left,"amazon.co.uk page not found. amazon.com product page exists. US-only listing, not replaced."
B005F5PRJE,"Nisus Niban Granular Bait, Weather-Resistant, 4 lbs | Boric Acid Formula, Ants, Roaches, Crickets, Slugs & Snails, Indoor/Outdoor Use : Home Pest Control Sets : Patio,",app/us/lib/topPicksData.ts; app/us/palmetto-bugs/page.tsx,,left,"amazon.co.uk page not found. amazon.com product page exists. US-only listing, not replaced."
B005F5U686,"Trapper LTD Mouse/Insect Glue Boards - CASE (72 Boards) : Rodent Traps : Patio, Lawn & Garden",app/us/brown-recluse-spiders/page.tsx; app/us/house-mice/page.tsx; app/us/lib/topPicksData.ts,,left,"amazon.co.uk page not found. amazon.com product page exists. US-only listing, not replaced."
B005X94R7U,"Bonide Bug Beater Stink Bug Trap | Attracts and Catches Stink Bugs Indoors and Outdoors, Long Lasting, Odorless Protection : Home Pest Control Traps : Patio, Lawn & Ga",app/us/best-stink-bug-traps/page.tsx; app/us/lib/topPicksData.ts,,left,"amazon.co.uk page not found. amazon.com product page exists. US-only listing, not replaced."
B007VR5H3K,"SHOWA 737 Nitrile Chemical Resistant Safety Glove, Unlined, Food Safe, 22 Mil Thick, 15"" Length, Medium (12 Pair): Chemical Resistant Safety Gloves",app/us/brown-recluse-spiders/page.tsx; app/us/imported-fire-ants/page.tsx; app/us/lib/topPicksData.ts,,left,"amazon.co.uk page not found. amazon.com product page exists. US-only listing, not replaced."
B00B5WI5VI,"BASF Termidor Foam 20 oz - Termiticide Insecticide for Termites, Ants & Wood Destroying Pests & Insects, Crack & Crevice : Health & Household",app/us/lib/topPicksData.ts; app/us/termites/page.tsx,,left,"amazon.co.uk page not found. amazon.com product page exists. US-only listing, not replaced."
B00E4GACB8,"TERRO Liquid Ant Killer Bait Stations, 12-Pack, Indoor Ant Traps, T300B | Borax Formula, Kills the Queen & the Entire Colony, Liquid Ant Baits Indoor, Kills Household",app/us/ants/page.tsx; app/us/lib/topPicksData.ts,,left,"amazon.co.uk page not found. amazon.com product page exists. US-only listing, not replaced."
B00GRT5E18,"Amdro Fire Ant Bait Multiple Insects Granular Hydramethylnon 1 Lb. : Patio, Lawn & Garden",app/us/imported-fire-ants/page.tsx; app/us/lib/topPicksData.ts,,left,"amazon.co.uk page not found. amazon.com product page exists. US-only listing, not replaced."
B0148W0WOE,"Syngenta 383920 Advion Cockroach Gel Bait 4 X 30 Gram Tubes Roach Control : Patio, Lawn & Garden",app/us/lib/topPicksData.ts; app/us/palmetto-bugs/page.tsx,,left,"amazon.co.uk page not found. amazon.com product page exists. US-only listing, not replaced."
B01GM1LUGS,"Dr. Killigan's Pantry Moth Traps with Pheromones Prime, 6 Pack, Black | Special Pheromone Formula, Pantry Moth Killer, Targets Male Flour Moths, Indian Meal Moths, Oth",app/us/lib/topPicksData.ts; app/us/moths/page.tsx,,left,"amazon.co.uk page not found. amazon.com product page exists. US-only listing, not replaced."
B01HDYAOY2,"Bora-Care Termiticide Insecticide and Fungicide Concentrate, Wood Treatment for Termite and Beetle Prevention, 1 Gallon : Patio, Lawn & Garden",app/us/lib/topPicksData.ts; app/us/powderpost-beetles/page.tsx; app/us/termites/page.tsx,,left,"amazon.co.uk page not found. amazon.com product page exists. US-only listing, not replaced."
B01N3BAPJO,"No-See-Um Small Insect Screen - 20 x 20 Mesh - Roll, 36 inch x 100 feet | Tiny Insect Mesh Screen Roll for Window, Door, Patio, Porch Screening & Replacement, Charcoal - Amazon.com",app/us/asian-lady-beetles/page.tsx; app/us/lib/topPicksData.ts; app/us/no-see-ums/page.tsx,,left,"amazon.co.uk page not found. amazon.com product page exists. US-only listing, not replaced."
B06XGL8R89,"Trapper Max Glue Traps 12 Glue Boards Trap Mouse Bugs Insects Bed Bugs Spiders Cockroaches Non-Toxic : Patio, Lawn & Garden",app/us/brown-recluse-spiders/page.tsx; app/us/lib/topPicksData.ts,,left,"amazon.co.uk page not found. amazon.com product page exists. US-only listing, not replaced."
B06XXNSTNN,"10X Double Lens LED Pocket Magnifier MADE in USA High Power High Diopter Bright LED illumination, Ideal for inspection, Coins, Stamps, Reading by Electro Optix : Health",app/us/brown-recluse-spiders/page.tsx; app/us/lib/topPicksData.ts,,left,"amazon.co.uk page not found. amazon.com product page exists. US-only listing, not replaced."
B071JWBBF9,"Illinois Glove Company 657MB Grain Cowhide Leather Palm Gauntlet Cuff Gloves, M : Tools & Home Improvement",app/us/black-widow-spiders/page.tsx; app/us/lib/topPicksData.ts,,left,amazon.co.uk page not found. amazon.com page exists and says currently unavailable. Left alone.
B072KL69L5,Gempler's Unlined 15-Mil Protective 100% Nitrile Gloves (Box of 36 Pairs) – Reusable Non-Slip Ergonomic Washable Agricultural Pesticide Chemical Resistance Gloves – Size Small: Ama,app/us/brown-recluse-spiders/page.tsx; app/us/imported-fire-ants/page.tsx; app/us/lib/topPicksData.ts,,left,"amazon.co.uk page not found. amazon.com product page exists. US-only listing, not replaced."
B073P7865G,"Smartxchoices 32"" X 12"" X 12.5"" Large Live Animal Trap Cage Humane One-Door Solid Steel Catch and Release Rodent Cage for Raccoon, Rabbits, Stray Cats, Squirrel, Ground",app/us/best-raccoon-traps/page.tsx; app/us/lib/topPicksData.ts,,left,"amazon.co.uk page not found. amazon.com product page exists. US-only listing, not replaced."
B075S9NZJL,"Dekko Silverfish Paks (Pack of 2) | Each Pack Contains 24 Individual Insect Bait Traps | Indoor Control Treatment for Closets, Basements, Attics, Bookshelves & Storage",app/us/lib/topPicksData.ts; app/us/silverfish/page.tsx,,left,"amazon.co.uk page not found. amazon.com product page exists. US-only listing, not replaced."
B076LSWZTF,"Black Light Flashlight, 108 LEDs 395nm Lamp UV Flashlight Handheld Pet Flashlight Scorpion Urine and Dye Detector Hotel Inspection (S) : Sports & Outdoors",app/us/arizona-bark-scorpions/page.tsx; app/us/lib/topPicksData.ts,,left,amazon.co.uk page not found. amazon.com page exists and says currently unavailable. Left alone.
B07BK18YZD,"Black Light Flashlight, Zoomable Ultraviolet Flashlight, Scorpion UV flashlight, 395 nM Handheld Blacklight Detector for Spot Carpet Pet Dog Urine Detection Light, Stai",app/us/arizona-bark-scorpions/page.tsx; app/us/lib/topPicksData.ts,,left,amazon.co.uk page not found. amazon.com page exists and says currently unavailable. Left alone.
B07CVT3LYF,"EONMIR Stainless Steel Feeding Tongs for Reptile Vivarium Plants Snake Lizards Spider Frog Gecko, Aquarium Long Tweezers - 2Pcs : Patio, Lawn & Garden",app/us/arizona-bark-scorpions/page.tsx; app/us/lib/topPicksData.ts,,left,amazon.co.uk page not found. amazon.com page exists and says currently unavailable. Left alone.
B07D2GGYPF,"Thermacell Tick Control Tubes 12 Pk, Kill Ticks that May Carry Lyme Disease | No Spray, Granules or Mess; Easy to Use; Apply 2x a Year to Yard, Garden, Wooded Areas; Wo",app/us/lib/topPicksData.ts; app/us/ticks/page.tsx,,left,"amazon.co.uk page not found. amazon.com product page exists. US-only listing, not replaced."
B07DT4Z9FY,"FPS Squirrel Trap 5"" X 5"" X 16"" Live Trap : Patio, Lawn & Garden",app/us/lib/topPicksData.ts; app/us/squirrels-in-attic/page.tsx,,left,"amazon.co.uk page not found. amazon.com product page exists. US-only listing, not replaced."
B07H58BNFT,"Sticky Fly Ribbons Fly Paper Ribbon Fly Catcher Ribbon Fly Paper Strips Indoor & Outdoor Fly Trap Fling Insects Fly Trap Roll Fly Bait (32 Pack) : Patio, Lawn & Garden",app/us/flies/page.tsx; app/us/lib/topPicksData.ts,,left,amazon.co.uk page not found. amazon.com page exists and says currently unavailable. Left alone.
B07H9FZ7QP,"Dr. Killigan's Premium Clothing Moth Traps with Pheromones (Black, 6 Traps) | Clothes Moth Traps with Pheromones, Alternative to Moth Balls, Targets the Webbing Clothes",app/us/lib/topPicksData.ts; app/us/moths/page.tsx,,left,"amazon.co.uk page not found. amazon.com product page exists. US-only listing, not replaced."
B07HCLTXFG,"Summit...Responsible Solutions Mosquito Bits - Quick Kill FamilyValue 1Pack (30Ounce) : Patio, Lawn & Garden",app/us/fungus-gnats/page.tsx; app/us/lib/topPicksData.ts,,left,"amazon.co.uk page not found. amazon.com product page exists. US-only listing, not replaced."
B07KB2QCZZ,"Smartxchoices Live Animal Trap Cage, 32"" X 12.5"" X 12"" Large Humane Rodent Catch Release Steel Cage 1-Door for Raccoon/Rabbits/Possum/Feral Cats/Squirrel/Skunk/Mink Ou",app/us/best-raccoon-traps/page.tsx; app/us/lib/topPicksData.ts,,left,"amazon.co.uk page not found. amazon.com product page exists. US-only listing, not replaced."
B07KWYM922,"HomGarden Live Animal Cage Trap 32'' Steel Humane Release Rodent Cage for Rabbits, Stray Cat, Squirrel, Raccoon, Mole, Gopher, Chicken, Opossum, Skunk, Chipmunks, Groun",app/us/best-raccoon-traps/page.tsx; app/us/groundhogs/page.tsx; app/us/lib/topPicksData.ts,,left,"amazon.co.uk page not found. amazon.com product page exists. US-only listing, not replaced."
B07Q41N8K1,"TERRO Multi-Surface Liquid Ant Baits, 8-Pack, Indoor Bait Stations for Home | Ant Trap for Discreet Baiting, Complete Colony Elimination, Indoor Ant Trap, Kills Common",app/us/ants/page.tsx; app/us/lib/topPicksData.ts,,left,"amazon.co.uk page not found. amazon.com product page exists. US-only listing, not replaced."
B082LJK8K7,"Ortho BugClear Lawn Insect Killer - Kills Ants, Ticks, Armyworms, Sod Webworms, Fleas and Spiders in Your Yard, Fast-Acting, Kills By Contact Above and Below the Ground",app/us/lib/topPicksData.ts; app/us/ticks/page.tsx,,left,"amazon.co.uk page not found. amazon.com product page exists. US-only listing, not replaced."
B08BJRMVGZ,Terro T324B Liquid Ant Bait Ant Killer - Indoor Ant Traps - Ant Bait Stations - Kills Common Household Ants - Contains Borax : Everything Else,app/us/ants/page.tsx; app/us/lib/topPicksData.ts,,left,"amazon.co.uk page not found. amazon.com product page exists. US-only listing, not replaced."
B08PPYX999,SEBOSS Hardware Cloth Wire Mesh 1/4 inch 48 x 100 ft 23 Gauge | Hot-dip Galvanized After Welding Galvanized Wire Fencing Gopher Guard Wire Fence Roll Snake Fencing - Amazon.com,app/us/lib/topPicksData.ts; app/us/opossums/page.tsx,,left,"amazon.co.uk page not found. amazon.com product page exists. US-only listing, not replaced."
B08TKJY4R8,"Leader Medicated Calamine Clear Lotion, Anti-Itch, External Analgesic Skin Protectant, Relieves Minor Skin Irritations, Poisen Ivy, Poisen Oak,Insect Bites, 6 oz : Heal",app/us/chiggers/page.tsx; app/us/lib/topPicksData.ts,,left,"amazon.co.uk page not found. amazon.com product page exists. US-only listing, not replaced."
B08YS87GR5,"Fertilome (11300) Come and Get It Fire Ant Killer Bait, 1 lb | Spinosad bait OMRI-eligible - Kills queen & colony within 24-36 hrs, no mixing required - Southern homeow",app/us/imported-fire-ants/page.tsx; app/us/lib/topPicksData.ts,,left,"amazon.co.uk page not found. amazon.com product page exists. US-only listing, not replaced."
B09D3TVG1Y,"Gophinator Gopher Trap 4-Pack : Patio, Lawn & Garden",app/us/best-gopher-traps/page.tsx; app/us/lib/topPicksData.ts,,left,"amazon.co.uk page not found. amazon.com product page exists. US-only listing, not replaced."
B09QLK77RT,Josh's Frogs Stainless Steel Curved Reptile Feeding Tongs (12 inch) : Pet Supplies,app/us/arizona-bark-scorpions/page.tsx; app/us/lib/topPicksData.ts,,left,"amazon.co.uk page not found. amazon.com product page exists. US-only listing, not replaced."
B09ZK6Y4W7,"GET GOPHERS World's Best Gopher Trap 3 Pack, Stainless Steel, Reusable | Stainless steel pocket gopher traps for active tunnels; 3 reusable traps for a focused yard or",app/us/best-gopher-traps/page.tsx; app/us/lib/topPicksData.ts,,left,"amazon.co.uk page not found. amazon.com product page exists. US-only listing, not replaced."
B0B8QPH3RW,"GE All Purpose Silicone Caulk, Clear, 10 fl oz Cartridge, 1 Pack - 100% Waterproof Silicone Sealant, Stronger Adhesion, Freeze & Sun Proof : Industrial & Scientific",app/us/arizona-bark-scorpions/page.tsx; app/us/asian-lady-beetles/page.tsx; app/us/black-widow-spiders/page.tsx; app/us/boxelder-bugs/page.tsx; app/us/brown-recluse-spiders/page.tsx; app/us/chipmunks/page.tsx; app/us/cluster-flies/page.tsx; app/us/lib/topPicksData.ts; app/us/snakes/page.tsx,,left,"amazon.co.uk page not found. amazon.com product page exists. US-only listing, not replaced."
B0BJMDMDCX,"Cortizone-10 Max Strength Water Resistant Itch Relief Ointment, 2 oz. | 1% hydrocortisone, fast-acting, anti-itch cream for bug bites, rash, eczema, psoriasis, poison i",app/us/chiggers/page.tsx; app/us/lib/topPicksData.ts,,left,"amazon.co.uk page not found. amazon.com product page exists. US-only listing, not replaced."
B0BJMQBSKJ,"Cortizone-10 Max Strength Soothing Aloe Itch Relief Cream, 2 oz. | 1% hydrocortisone, fast-acting, anti-itch cream for bug bites, rash, eczema, psoriasis, poison ivy, o",app/us/chiggers/page.tsx; app/us/lib/topPicksData.ts,,left,"amazon.co.uk page not found. amazon.com product page exists. US-only listing, not replaced."
B0BJRS2F8H,"Amazon Basics Medicated Calamine Anti-Itch Lotion, 6 Fluid Ounce, 1-Pack, for Insect Bites, Poison Ivy and Rashes (Previously Solimo) (New Formula) : Health & Household",app/us/chiggers/page.tsx; app/us/lib/topPicksData.ts,,left,"amazon.co.uk page not found. amazon.com product page exists. US-only listing, not replaced."
B0BS4KH2FH,"No-See-Um Small Insect Screen - 20 x 20 Mesh - Roll, 36 inch x 25 feet | Tiny Insect Mesh Screen Roll for Window, Door, Patio, Porch Screening & Replacement, Charcoal - Amazon.com",app/us/asian-lady-beetles/page.tsx; app/us/black-widow-spiders/page.tsx; app/us/lib/topPicksData.ts; app/us/no-see-ums/page.tsx,,left,"amazon.co.uk page not found. amazon.com product page exists. US-only listing, not replaced."
B0BY3PSWMB,Gentrol Point Source IGR Discs ZOE1007 (20 Pack) German Cockroach Growth Regulator - with USA Supply Gloves & Pest Identification Card - Product is Non-perishable : Pa,app/us/german-cockroaches/page.tsx; app/us/lib/topPicksData.ts,,left,"amazon.co.uk page not found. amazon.com product page exists. US-only listing, not replaced."
B0C3WM5G7H,"TERRO Outdoor Liquid Ant Bait Stakes, 12-Pack, Ready-to-Use Ant Killer Trap | Outdoor Ant Trap for Household Ants including Acrobat, Crazy, Ghost and Little Black Ants",app/us/ants/page.tsx; app/us/lib/topPicksData.ts,,left,"amazon.co.uk page not found. amazon.com product page exists. US-only listing, not replaced."
B0CTL12488,"Victor M205 Easy Set Plastic Pedal Sustainably Sourced FSC Wood Humane Snap Rat Trap (Pack of 3) : Patio, Lawn & Garden",app/us/lib/topPicksData.ts; app/us/rats/page.tsx,,left,"amazon.co.uk page not found. amazon.com product page exists. US-only listing, not replaced."
B0CYJMJCQ9,"Advion Trio Cockroach Gel Bait, 4 Tubes x 30-Grams, 1 Plunger and 2 Tips, Formulated with 0.6% Indoxacarb, 0.1% Novaluron and 0.1% Pyriproxyfen, Ready-to-Use Roach Kil",app/us/german-cockroaches/page.tsx; app/us/lib/topPicksData.ts,,left,"amazon.co.uk page not found. amazon.com product page exists. US-only listing, not replaced."
B0D1G867Y4,"UV Black Light Flashlight - 21 LED 395nm Ultraviolet Flashlight for Fluorescent Agents, Scorpions, and Anti-Counterfeiting Codes : Sports & Outdoors",app/us/arizona-bark-scorpions/page.tsx; app/us/lib/topPicksData.ts,,left,"amazon.co.uk page not found. amazon.com product page exists. US-only listing, not replaced."
B0DW3RS3L3,"Sawyer Products SP5622 Picaridin Insect Repellent Lotion, 20% Picaridin, 2-Ounce, Twin Pack : Health & Household",app/us/lib/topPicksData.ts; app/us/mosquitoes/page.tsx,,left,"amazon.co.uk page not found. amazon.com product page exists. US-only listing, not replaced."
B0F8R94HTX,"The Gophinator – Heavy-Duty Gopher Trap 2 Pack : Patio, Lawn & Garden",app/us/best-gopher-traps/page.tsx; app/us/lib/topPicksData.ts,,left,"amazon.co.uk page not found. amazon.com product page exists. US-only listing, not replaced."
B0FDH2LTTN,"SHOWA 727 Nitrile Chemical Resistant Safety Glove, Unlined, Food Safe : Industrial & Scientific",app/us/brown-recluse-spiders/page.tsx; app/us/imported-fire-ants/page.tsx; app/us/lib/topPicksData.ts,,left,amazon.co.uk page not found. amazon.com page exists and says currently unavailable. Left alone.
B0G5VN3GB3,"OFF! Deep Woods Max Insect Repellent, Mosquito & Tick Aerosol Bug Spray with 20% Picaridin, Long Lasting DEET-Free Protection for Up to 10 Hours, 7.5 oz (Pack of 2) : P",app/us/chiggers/page.tsx; app/us/lib/topPicksData.ts; app/us/no-see-ums/page.tsx; app/us/ticks/page.tsx,,left,"amazon.co.uk page not found. amazon.com product page exists. US-only listing, not replaced."
B0GHMWBPC8,"2 Pack Flea Trap, Indoor Electric Fleas Trap Light, Pets Kids Friendly, Reusable Flea Traps for Inside Your Home with 6 Bulbs & 8 Sticky Pads : Patio, Lawn & Garden",app/us/fleas/page.tsx; app/us/lib/topPicksData.ts,,left,amazon.co.uk page not found. amazon.com page exists and says currently unavailable. Left alone.
B0H75HHMDX,"19 Gauge Hardware Cloth, 1/4 inch Chicken Wire Fence, 8in x 10ft | Double Galvanized Welded Wire Fencing Mesh Roll Garden Plant Support Poultry Netting Rabbit Cage Snake Gopher Fen",app/us/lib/topPicksData.ts; app/us/opossums/page.tsx,,left,"amazon.co.uk page not found. amazon.com product page exists. US-only listing, not replaced."
B0002ASQ4A,"Summit Chemical Company Pond Mosquito Dunks - 2 Pack : Patio, Lawn & Garden",app/us/lib/topPicksData.ts; app/us/mosquitoes/page.tsx,,left,amazon.co.uk returned HTTP 503 on both tries. amazon.com product page exists. Not edited.
